{
  "PlantName": "PlantNameUDA,Plant Name,PlantName",
  "AreaName": "AreaNameUDA,Area Name,AREANAME,AreaName",
  "Unit": "UnitNameUDA,Unit Name,UnitName,Unit",
  "InstrumentType": "InstrumentType",
  "InstrumentService": "InstrumentService",
  "Manufacturer": "Manufacturer",
  "ModelNumber": "Model Number,ModelNumber",
  "SystemIOType": "SignalTypeUDA,SystemIOType",
  "SignalType": "SignalType",
  "SignalConversion": "SignalConversion",
  "Voltage": "Voltage",
  "Power": "Power",
  "EquipmentName": "EquipmentName",
  "PIDNumber": "PIDNumber",
  "Remarks": "Remarks",
  "LowRawCount": "LowRawCount",
  "HighRawCount": "HighRawCount",
  "SecondaryLoop": "SecondaryLoop",
  "ComplexLoop": "Complex Loop,ComplexLoop",
  "Description": "Description",
  "AlarmPriority": "AlarmPriority",
  "LAlarmPriority": "LAlarmPriority",
  "LLAlarmPriority": "LLAlarmPriority",
  "HAlarmPriority": "HAlarmPriority",
  "HHAlarmPriority": "HHAlarmPriority",
  "NormalState": "NormalState",
  "AirAction": "AirAction",
  "DCSLowScale": "DCS LowScale,DCSLowScale",
  "DCSHighScale": "DCS HighScale,DCSHighScale",
  "DCSEngineeringUnits": "DCS EngineeringUnits,DCSEngineeringUnits",
  "DigitalClosedText": "DigitalClosedText",
  "DigitalOpenText": "DigitalOpenText",
  "HighAlarm": "HighAlarm",
  "LowAlarm": "LowAlarm",
  "HighText": "HighText",
  "HighHighAlarm": "HighHighAlarm",
  "LowLowAlarm": "LowLowAlarm",
  "HighHighText": "HighHighText",
  "AlarmType": "AlarmType",
  "ControllerAction": "ControllerAction",
  "FailSafeState": "FailSafeState",
  "RedundantSimplex": "RedundantSimplex",
  "Criticality": "Criticality",
  "SOE": "SOE",
  "SafetyLevel": "SafetyLevel",
  "CEDiagram": "CEDiagram",
  "InterlockNumber": "InterlockNumber",
  "SIFNumber": "SIF Number,SIFNumber",
  "SIFDescription": "SIF Description,SIFDescription",
  "SILLevel": "SIL Level,SILLevel",
  "ConsoleForDisplay": "ConsoleForDisplay",
  "LoopNumber": "LoopNumber",
  "DCSHighText": "DCSHighText",
  "DCSLowLowalarmtext": "DCSLowLowalarmtext",
  "DCSLowText": "DCSLowText",
  "HartMuxAddress": "HartMuxAddress",
  "HartMuxChannel": "HartMuxChannel",
  "INSLocation": "INSLocation",
  "ISorNonIS": "ISorNonIS",
  "Name": "Name,TagName",
  "ReferenceNumber": "ReferenceNumber",
  "SequenceNumberComplexLoop": "SequenceNumberComplexLoop",
  "SequenceNumberSecondaryLoop": "SequenceNumberSecondaryLoop",
  "CFFFileRevision": "CFFFileRevision"
}
