﻿<?xml version="1.0" encoding="utf-8"?>
<baseline xmlns:xsd="http://www.nxtControl.com/Snapshot" xmlns="http://tempuri.org/XMLSchema1.xsd">
  <snapshot guid="{9D92EC41-D834-498B-8F37-5BAE2806B165}" compiler="Default" created="2024-06-01T10:21:52" base="{00000000-0000-0000-0000-000000000000}">
    <DeployInformation Type="Working">
      <FileGroup Name="FileList" xmlns="http://tempuri.org/DeploySnapshot.xsd">
        <FileItem Name="Main#E_CTU.bin" Library="IEC61499.dll" BuildSnapshot="{69C31BD0-A7C4-4FDE-83E2-B4549E0D1DFB}" BaseSnapshot="{00000000-0000-0000-0000-000000000000}">
          <Modified>2024-06-01T08:53:58</Modified>
          <Hash>22016EF800B92339</Hash>
        </FileItem>
        <FileItem Name="Main#E_PERMIT.bin" Library="IEC61499.dll" BuildSnapshot="{69C31BD0-A7C4-4FDE-83E2-B4549E0D1DFB}" BaseSnapshot="{00000000-0000-0000-0000-000000000000}">
          <Modified>2024-06-01T08:53:58</Modified>
          <Hash>124541CCD11D59982</Hash>
        </FileItem>
        <FileItem Name="Main#E_REND.bin" Library="IEC61499.dll" BuildSnapshot="{69C31BD0-A7C4-4FDE-83E2-B4549E0D1DFB}" BaseSnapshot="{00000000-0000-0000-0000-000000000000}">
          <Modified>2024-06-01T08:53:58</Modified>
          <Hash>17360317EDCAD75E0</Hash>
        </FileItem>
        <FileItem Name="Main#E_RS.bin" Library="IEC61499.dll" BuildSnapshot="{69C31BD0-A7C4-4FDE-83E2-B4549E0D1DFB}" BaseSnapshot="{00000000-0000-0000-0000-000000000000}">
          <Modified>2024-06-01T08:53:58</Modified>
          <Hash>70D8DED58C0DD5A</Hash>
        </FileItem>
        <FileItem Name="Main#E_SELECT.bin" Library="IEC61499.dll" BuildSnapshot="{69C31BD0-A7C4-4FDE-83E2-B4549E0D1DFB}" BaseSnapshot="{00000000-0000-0000-0000-000000000000}">
          <Modified>2024-06-01T08:53:58</Modified>
          <Hash>172518D28214B7AE0</Hash>
        </FileItem>
        <FileItem Name="Main#E_SR.bin" Library="IEC61499.dll" BuildSnapshot="{69C31BD0-A7C4-4FDE-83E2-B4549E0D1DFB}" BaseSnapshot="{00000000-0000-0000-0000-000000000000}">
          <Modified>2024-06-01T08:53:58</Modified>
          <Hash>860ACA6EB1078734</Hash>
        </FileItem>
        <FileItem Name="Main#E_SWITCH.bin" Library="IEC61499.dll" BuildSnapshot="{69C31BD0-A7C4-4FDE-83E2-B4549E0D1DFB}" BaseSnapshot="{00000000-0000-0000-0000-000000000000}">
          <Modified>2024-06-01T08:53:58</Modified>
          <Hash>222BD74DA49C8D574</Hash>
        </FileItem>
        <FileItem Name="Main#AND_88A3DD8EC65DD11C.bin" Library="IEC61499.dll" BuildSnapshot="{6986EEBF-AD90-42E5-9004-6B908370F0BF}" BaseSnapshot="{00000000-0000-0000-0000-000000000000}">
          <Modified>2024-05-31T12:54:24</Modified>
          <Hash>88A3DD8EC65DD11C</Hash>
        </FileItem>
        <FileItem Name="Main#E_TRAIN.bin" Library="IEC61499.dll" BuildSnapshot="{69C31BD0-A7C4-4FDE-83E2-B4549E0D1DFB}" BaseSnapshot="{00000000-0000-0000-0000-000000000000}">
          <Modified>2024-06-01T08:53:58</Modified>
          <Hash>11865F6BA9D3653A4</Hash>
        </FileItem>
        <FileItem Name="Main#E_R_TRIG.bin" Library="IEC61499.dll" BuildSnapshot="{69C31BD0-A7C4-4FDE-83E2-B4549E0D1DFB}" BaseSnapshot="{00000000-0000-0000-0000-000000000000}">
          <Modified>2024-06-01T08:53:58</Modified>
          <Hash>3183EBE5AE82BA41</Hash>
        </FileItem>
        <FileItem Name="Main#E_TABLE.bin" Library="IEC61499.dll" BuildSnapshot="{9D92EC41-D834-498B-8F37-5BAE2806B165}" BaseSnapshot="{00000000-0000-0000-0000-000000000000}">
          <Modified>2024-06-01T10:21:51</Modified>
          <Hash>57674A6D69DA9E24</Hash>
        </FileItem>
        <FileItem Name="Main#SUB_176240CABF78064B2.bin" Library="IEC61499.dll" BuildSnapshot="{69C31BD0-A7C4-4FDE-83E2-B4549E0D1DFB}" BaseSnapshot="{00000000-0000-0000-0000-000000000000}">
          <Modified>2024-06-01T08:53:58</Modified>
          <Hash>176240CABF78064B2</Hash>
        </FileItem>
        <FileItem Name="Main#ARRAY_SELECT.bin" Library="IEC61499.dll" BuildSnapshot="{9D92EC41-D834-498B-8F37-5BAE2806B165}" BaseSnapshot="{00000000-0000-0000-0000-000000000000}">
          <Modified>2024-06-01T10:21:51</Modified>
          <Hash>29B8701FAC7333D</Hash>
        </FileItem>
        <FileItem Name="Main#SELECT_511214D072D667A0.bin" Library="IEC61499.dll" BuildSnapshot="{23250080-45F1-419E-A5AD-27072F70B0E4}" BaseSnapshot="{00000000-0000-0000-0000-000000000000}">
          <Hash>511214D072D667A0</Hash>
        </FileItem>
        <LibraryItem Name="Runtime.Base" Version="23.0.0.15" />
        <LibraryItem Name="SE.DPAC" Version="23.0.0.57" />
        <LibraryItem Name="SE.Standard" Version="23.0.0.14" />
        <DeviceItem ID="D3998D1B-B7C3-4CEE-A301-4EA2AF5C2EF5" Hash="218576E3BB9C23D53" />
      </FileGroup>
      <Device Name="EcoRT_0" ID="D3998D1B-B7C3-4CEE-A301-4EA2AF5C2EF5" xmlns="http://tempuri.org/DeploySnapshot.xsd">
        <FileItem Name="Basics/Main#SUB_176240CABF78064B2.bin">
          <Hash>49152DFF948AEF1449373DBEBDC8A18618D3E39AE37AF7F520818FA290CDA94A</Hash>
        </FileItem>
        <FileItem Name="Composites/Main#E_TRAIN.bin">
          <Hash>C26BDF3B33BFBD14AF43C0D0F6824A5E20C3626C31240AEEA43A96819D457026</Hash>
        </FileItem>
        <FileItem Name="Basics/Main#ARRAY_SELECT.bin">
          <Hash>5EF63EC348BD1D10862E571412D4053837389FA5F6E5D61B0DED9522EA400E92</Hash>
        </FileItem>
        <FileItem Name="Composites/Main#E_TABLE.bin">
          <Hash>3B4011C7E8708B81FC78735E3FCFB8BE01C6D708FF0FB99170EC8536AE3F3DE9</Hash>
        </FileItem>
      </Device>
    </DeployInformation>
  </snapshot>
  <deployment>
    <network_profile name="(Local Test)">
      <device id="D3998D1B-B7C3-4CEE-A301-4EA2AF5C2EF5">
        <sref snapshot="{9D92EC41-D834-498B-8F37-5BAE2806B165}" state="ACTIVE_MODIFIED" />
      </device>
    </network_profile>
  </deployment>
</baseline>