﻿<?xml version="1.0" encoding="utf-8"?>
<baseline xmlns:xsd="http://www.nxtControl.com/Snapshot" xmlns="http://tempuri.org/XMLSchema1.xsd">
  <snapshot guid="{6FF76E95-7CE7-4306-AE45-5CAF594C1156}" compiler="Default" created="2024-01-21T11:32:03" base="{00000000-0000-0000-0000-000000000000}">
    <DeployInformation Type="Working">
      <FileGroup Name="FileList" xmlns="http://tempuri.org/DeploySnapshot.xsd">
        <FileItem Name="Main#CAT1_HMI.bin" Library="IEC61499.dll" BuildSnapshot="{83AA2C96-3FB0-4313-957C-1CCE9403B1E1}" BaseSnapshot="{00000000-0000-0000-0000-000000000000}">
          <Modified>2024-01-21T11:16:13</Modified>
          <Hash>254E72716580E80FA</Hash>
        </FileItem>
        <FileItem Name="Main#CAT1.bin" Library="IEC61499.dll" BuildSnapshot="{83AA2C96-3FB0-4313-957C-1CCE9403B1E1}" BaseSnapshot="{00000000-0000-0000-0000-000000000000}">
          <Modified>2024-01-21T11:16:13</Modified>
          <Hash>218DA281D56E5585B</Hash>
        </FileItem>
        <FileItem Name="Main#FLASHER4.bin" Library="IEC61499.dll" BuildSnapshot="{83AA2C96-3FB0-4313-957C-1CCE9403B1E1}" BaseSnapshot="{00000000-0000-0000-0000-000000000000}">
          <Modified>2024-01-21T11:16:13</Modified>
          <Hash>196EE1148B8031E36</Hash>
        </FileItem>
        <FileItem Name="Main#INCHOICE_HMI.bin" Library="IEC61499.dll" BuildSnapshot="{83AA2C96-3FB0-4313-957C-1CCE9403B1E1}" BaseSnapshot="{00000000-0000-0000-0000-000000000000}">
          <Modified>2024-01-21T11:16:13</Modified>
          <Hash>1999FBB4B86BFF1B4</Hash>
        </FileItem>
        <FileItem Name="Main#INCHOICE.bin" Library="IEC61499.dll" BuildSnapshot="{83AA2C96-3FB0-4313-957C-1CCE9403B1E1}" BaseSnapshot="{00000000-0000-0000-0000-000000000000}">
          <Modified>2024-01-21T11:16:13</Modified>
          <Hash>161A60780F05E92A6</Hash>
        </FileItem>
        <FileItem Name="Main#number2time.bin" Library="IEC61499.dll" BuildSnapshot="{83AA2C96-3FB0-4313-957C-1CCE9403B1E1}" BaseSnapshot="{00000000-0000-0000-0000-000000000000}">
          <Modified>2024-01-21T11:16:13</Modified>
          <Hash>125D125C8D2ECB418</Hash>
        </FileItem>
        <FileItem Name="Main#INTIME_HMI.bin" Library="IEC61499.dll" BuildSnapshot="{83AA2C96-3FB0-4313-957C-1CCE9403B1E1}" BaseSnapshot="{00000000-0000-0000-0000-000000000000}">
          <Modified>2024-01-21T11:16:13</Modified>
          <Hash>2056F03520E36B6E4</Hash>
        </FileItem>
        <FileItem Name="Main#INTIME.bin" Library="IEC61499.dll" BuildSnapshot="{83AA2C96-3FB0-4313-957C-1CCE9403B1E1}" BaseSnapshot="{00000000-0000-0000-0000-000000000000}">
          <Modified>2024-01-21T11:16:13</Modified>
          <Hash>2309BF931CE18736B</Hash>
        </FileItem>
        <FileItem Name="Main#LEDHMI_HMI.bin" Library="IEC61499.dll" BuildSnapshot="{83AA2C96-3FB0-4313-957C-1CCE9403B1E1}" BaseSnapshot="{00000000-0000-0000-0000-000000000000}">
          <Modified>2024-01-21T11:16:13</Modified>
          <Hash>160E1028CE60B819F</Hash>
        </FileItem>
        <FileItem Name="Main#LEDHMI.bin" Library="IEC61499.dll" BuildSnapshot="{83AA2C96-3FB0-4313-957C-1CCE9403B1E1}" BaseSnapshot="{00000000-0000-0000-0000-000000000000}">
          <Modified>2024-01-21T11:16:13</Modified>
          <Hash>328BA69473D9A2D6</Hash>
        </FileItem>
        <FileItem Name="Main#RadioBool_HMI.bin" Library="IEC61499.dll" BuildSnapshot="{83AA2C96-3FB0-4313-957C-1CCE9403B1E1}" BaseSnapshot="{00000000-0000-0000-0000-000000000000}">
          <Modified>2024-01-21T11:16:13</Modified>
          <Hash>129DAFA3D9B824033</Hash>
        </FileItem>
        <FileItem Name="Main#RadioBool.bin" Library="IEC61499.dll" BuildSnapshot="{83AA2C96-3FB0-4313-957C-1CCE9403B1E1}" BaseSnapshot="{00000000-0000-0000-0000-000000000000}">
          <Modified>2024-01-21T11:16:13</Modified>
          <Hash>236AAB68A1B9A18AB</Hash>
        </FileItem>
        <FileItem Name="Main#CROSSCOMM_PEER_119A6D19C7508D132.bin" Library="IEC61499.dll" BuildSnapshot="{6FF76E95-7CE7-4306-AE45-5CAF594C1156}" BaseSnapshot="{00000000-0000-0000-0000-000000000000}">
          <Modified>2024-01-21T11:31:59</Modified>
          <Hash>119A6D19C7508D132</Hash>
        </FileItem>
        <FileItem Name="Main#CROSSCOMM_PEER_206268B6AE5B21954.bin" Library="IEC61499.dll" BuildSnapshot="{6FF76E95-7CE7-4306-AE45-5CAF594C1156}" BaseSnapshot="{00000000-0000-0000-0000-000000000000}">
          <Modified>2024-01-21T11:31:59</Modified>
          <Hash>206268B6AE5B21954</Hash>
        </FileItem>
        <FileItem Name="Main#CROSSCOMM_PEER_7792FCF393C9A3FA.bin" Library="IEC61499.dll" BuildSnapshot="{6FF76E95-7CE7-4306-AE45-5CAF594C1156}" BaseSnapshot="{00000000-0000-0000-0000-000000000000}">
          <Modified>2024-01-21T11:31:59</Modified>
          <Hash>7792FCF393C9A3FA</Hash>
        </FileItem>
        <FileItem Name="Main#CROSSCOMM_PEER_86868271B499C6F0.bin" Library="IEC61499.dll" BuildSnapshot="{6FF76E95-7CE7-4306-AE45-5CAF594C1156}" BaseSnapshot="{00000000-0000-0000-0000-000000000000}">
          <Modified>2024-01-21T11:31:59</Modified>
          <Hash>86868271B499C6F0</Hash>
        </FileItem>
        <FileItem Name="Main#CROSSCOMM_SENDER_153F5A08CC8D75AF0.bin" Library="IEC61499.dll" BuildSnapshot="{6FF76E95-7CE7-4306-AE45-5CAF594C1156}" BaseSnapshot="{00000000-0000-0000-0000-000000000000}">
          <Modified>2024-01-21T11:31:59</Modified>
          <Hash>153F5A08CC8D75AF0</Hash>
        </FileItem>
        <FileItem Name="Main#CROSSCOMM_SENDER_173D71B9DC3A56340.bin" Library="IEC61499.dll" BuildSnapshot="{6FF76E95-7CE7-4306-AE45-5CAF594C1156}" BaseSnapshot="{00000000-0000-0000-0000-000000000000}">
          <Modified>2024-01-21T11:31:59</Modified>
          <Hash>173D71B9DC3A56340</Hash>
        </FileItem>
        <FileItem Name="Main#CROSSCOMM_SENDER_200C0D3AE43A7966C.bin" Library="IEC61499.dll" BuildSnapshot="{6FF76E95-7CE7-4306-AE45-5CAF594C1156}" BaseSnapshot="{00000000-0000-0000-0000-000000000000}">
          <Modified>2024-01-21T11:32:00</Modified>
          <Hash>200C0D3AE43A7966C</Hash>
        </FileItem>
        <FileItem Name="Main#CROSSCOMM_SENDER_23F64C0EB886DC54.bin" Library="IEC61499.dll" BuildSnapshot="{6FF76E95-7CE7-4306-AE45-5CAF594C1156}" BaseSnapshot="{00000000-0000-0000-0000-000000000000}">
          <Modified>2024-01-21T11:32:00</Modified>
          <Hash>23F64C0EB886DC54</Hash>
        </FileItem>
        <LibraryItem Name="Runtime.Base" Version="23.0.0.15" />
        <LibraryItem Name="SE.DPAC" Version="23.0.0.57" />
        <LibraryItem Name="SE.Standard" Version="23.0.0.14" />
        <LibraryItem Name="Standard.HMIExtensions" Version="23.0.0.5" />
        <DeviceItem ID="82B487BD-EEAF-4B30-9416-27F2BDF25ADB" Hash="587639419A17A0CE" />
        <DeviceItem ID="8ee3b416-691b-4d7e-ae1e-694474fc6c67" Hash="8D443F00E32D1B6" />
        <DeviceItem ID="a2dc9262-e8db-4b1d-9036-b1a62a3a23b4" Hash="1275E0D5DC684CD26" />
      </FileGroup>
      <Device Name="DISPLAY" ID="82B487BD-EEAF-4B30-9416-27F2BDF25ADB" xmlns="http://tempuri.org/DeploySnapshot.xsd">
        <FileItem Name="Composites/Main#LEDHMI_HMI.bin">
          <Hash>AA861056ABBB9664599D4FA1531F97153E60B6D5EA9E7590DE9852C4F0FEE371</Hash>
        </FileItem>
        <FileItem Name="Composites/Main#LEDHMI.bin">
          <Hash>638E271A123FD798432B02664295DBE774E5B965D52F147259E72BA6ED43E08F</Hash>
        </FileItem>
        <FileItem Name="Basics/Main#CROSSCOMM_PEER_7792FCF393C9A3FA.bin">
          <Hash>6AC849F896CF600F7C686036082A1F14E9A38A8A6F41DBEDAB55F1D97E96F82E</Hash>
        </FileItem>
      </Device>
      <Device Name="FLASHER" ID="a2dc9262-e8db-4b1d-9036-b1a62a3a23b4" xmlns="http://tempuri.org/DeploySnapshot.xsd">
        <FileItem Name="Basics/Main#FLASHER4.bin">
          <Hash>842D6302BB7091F5B9041DB0A8A678B6E49E5E74E4CDF90A77E92B2B5D4166E9</Hash>
        </FileItem>
        <FileItem Name="Basics/Main#CROSSCOMM_PEER_86868271B499C6F0.bin">
          <Hash>35E00EA4FDF91A94C9B569A5DBDD10C555CC45E76C934506B6DD68F2A1AC83F3</Hash>
        </FileItem>
        <FileItem Name="Basics/Main#CROSSCOMM_PEER_206268B6AE5B21954.bin">
          <Hash>3DA865D92B9C349E37560307F8DD35DF57DDB14609350F6ACC2F65B734521A85</Hash>
        </FileItem>
        <FileItem Name="Basics/Main#CROSSCOMM_PEER_119A6D19C7508D132.bin">
          <Hash>A688BB9825EB04FD4883D8FE289028DDCEEAEED5465EECF82D30FD609B5E17DB</Hash>
        </FileItem>
        <FileItem Name="Basics/Main#CROSSCOMM_SENDER_23F64C0EB886DC54.bin">
          <Hash>78F99705136BC985EA546B5E55C3B21F433A00FA112BA6ADF8BBC7F1A37E4A61</Hash>
        </FileItem>
      </Device>
      <Device Name="CTL_PANEL" ID="8ee3b416-691b-4d7e-ae1e-694474fc6c67" xmlns="http://tempuri.org/DeploySnapshot.xsd">
        <FileItem Name="Composites/Main#RadioBool_HMI.bin">
          <Hash>8DD96A6BEFABA33C7460928237ADFDDF851F3C3D8AE71F270FA8E93EB48333FD</Hash>
        </FileItem>
        <FileItem Name="Composites/Main#RadioBool.bin">
          <Hash>B820B7B586AE0C78B3447124C39D81BC51CA67DAD0969F92D0A649EACC944CA8</Hash>
        </FileItem>
        <FileItem Name="Basics/Main#number2time.bin">
          <Hash>4495CDDC69920E04BC726A40490393C175FADE41AE31412967065E8EC2038D3F</Hash>
        </FileItem>
        <FileItem Name="Composites/Main#INTIME_HMI.bin">
          <Hash>573B9DDF82FEAEA850890ACE0F4251431FBF9BF15CD01BD70B0E2366E892997D</Hash>
        </FileItem>
        <FileItem Name="Composites/Main#INTIME.bin">
          <Hash>35662EE0109D4B50D5CC281BCCF61B667C47D2E7C38580969A4BE3F70E512300</Hash>
        </FileItem>
        <FileItem Name="Composites/Main#INCHOICE_HMI.bin">
          <Hash>A48A686202091A1CFEC8145409BA14D2A5A17A91E20E4999A94B0264FC3A2DF6</Hash>
        </FileItem>
        <FileItem Name="Composites/Main#INCHOICE.bin">
          <Hash>520F36FE498F2ACF5F18F5BA83838572C43474E6978FB7F022A7CD0A4AB06A99</Hash>
        </FileItem>
        <FileItem Name="Basics/Main#CROSSCOMM_SENDER_153F5A08CC8D75AF0.bin">
          <Hash>8A3EF48F3DDFFB011ACDB7830F92E93F6BB90CA0F64E196B165A4559D4060FEA</Hash>
        </FileItem>
        <FileItem Name="Basics/Main#CROSSCOMM_SENDER_200C0D3AE43A7966C.bin">
          <Hash>5EFC90134A6360EFA64D6EA9181948A62BB8D3C75BA360D4959808B92533D951</Hash>
        </FileItem>
        <FileItem Name="Basics/Main#CROSSCOMM_SENDER_173D71B9DC3A56340.bin">
          <Hash>6C53B60996F7D5A97BE5E58BD3EBC95F3CC85213600A62DDA9AEA3F3B3D7DCF3</Hash>
        </FileItem>
      </Device>
    </DeployInformation>
  </snapshot>
  <deployment>
    <network_profile name="(Local Test)">
      <device id="82B487BD-EEAF-4B30-9416-27F2BDF25ADB">
        <sref snapshot="{6FF76E95-7CE7-4306-AE45-5CAF594C1156}" state="ACTIVE" />
      </device>
      <device id="a2dc9262-e8db-4b1d-9036-b1a62a3a23b4">
        <sref snapshot="{6FF76E95-7CE7-4306-AE45-5CAF594C1156}" state="ACTIVE" />
      </device>
      <device id="8ee3b416-691b-4d7e-ae1e-694474fc6c67">
        <sref snapshot="{6FF76E95-7CE7-4306-AE45-5CAF594C1156}" state="ACTIVE" />
      </device>
    </network_profile>
    <network_profile name="(Default)">
      <device id="82B487BD-EEAF-4B30-9416-27F2BDF25ADB" />
    </network_profile>
  </deployment>
</baseline>