﻿<?xml version="1.0" encoding="utf-8"?>
<DeviceProperties xmlns:xsi="http://www.w3.org/2001/XMLSchema-instance" xmlns:xsd="http://www.w3.org/2001/XMLSchema">
  <DefaultProfile />
  <Profile Name="(Local Test)">
    <Device Name="DISPLAY">
      <GroupProperty Name="Configuration" Expanded="true" Enabled="false">
        <GroupProperty Name="Communication" Expanded="true" Enabled="false">
          <ComplexProperty Name="ReliableCrossComm" Expanded="true">
            <Property Name="URI" Value="udp://0.0.0.0:41500" IsPassword="false" />
          </ComplexProperty>
        </GroupProperty>
      </GroupProperty>
    </Device>
    <Device Name="CTL_PANEL">
      <ComplexProperty Name="Ports" Expanded="true">
        <Property Name="Deploy" Value="51500" IsPassword="false" />
        <Property Name="Archive" Value="51497" IsPassword="false" />
      </ComplexProperty>
      <GroupProperty Name="Configuration" Expanded="true" Enabled="false">
        <GroupProperty Name="Communication" Expanded="true" Enabled="false">
          <ComplexProperty Name="ReliableCrossComm" Expanded="true">
            <Property Name="URI" Value="udp://0.0.0.0:41501" IsPassword="false" />
          </ComplexProperty>
        </GroupProperty>
      </GroupProperty>
    </Device>
    <Device Name="FLASHER">
      <ComplexProperty Name="Ports" Expanded="true">
        <Property Name="Deploy" Value="51501" IsPassword="false" />
        <Property Name="Archive" Value="51498" IsPassword="false" />
      </ComplexProperty>
      <ComplexProperty Name="Configuration" Expanded="true">
        <ComplexProperty Name="Communication" Expanded="true">
          <ComplexProperty Name="ReliableCrossComm" Expanded="true">
            <Property Name="URI" Value="udp://0.0.0.0:41503" IsPassword="false" />
          </ComplexProperty>
        </ComplexProperty>
      </ComplexProperty>
    </Device>
  </Profile>
</DeviceProperties>