﻿<?xml version="1.0" encoding="utf-8" standalone="yes"?>
<Bindings>
  <LogicalDeviceBinding LogicalDeviceId="82B487BD-EEAF-4B30-9416-27F2BDF25ADB" PhysicalDeviceId="">
    <LogicalDeviceService ServiceId="F7C90C9D-BD8B-4D0B-B8DE-C659AF6EABCC" LogicalPort="51499" />
    <LogicalDeviceService ServiceId="32B24F96-50F3-429E-9586-58A14DEB5DD5" LogicalPort="51496" />
  </LogicalDeviceBinding>
  <LogicalDeviceBinding LogicalDeviceId="8ee3b416-691b-4d7e-ae1e-694474fc6c67" PhysicalDeviceId="">
    <LogicalDeviceService ServiceId="F7C90C9D-BD8B-4D0B-B8DE-C659AF6EABCC" LogicalPort="51500" />
    <LogicalDeviceService ServiceId="32B24F96-50F3-429E-9586-58A14DEB5DD5" LogicalPort="51497" />
  </LogicalDeviceBinding>
  <LogicalDeviceBinding LogicalDeviceId="a2dc9262-e8db-4b1d-9036-b1a62a3a23b4" PhysicalDeviceId="">
    <LogicalDeviceService ServiceId="F7C90C9D-BD8B-4D0B-B8DE-C659AF6EABCC" LogicalPort="51501" />
    <LogicalDeviceService ServiceId="32B24F96-50F3-429E-9586-58A14DEB5DD5" LogicalPort="51498" />
  </LogicalDeviceBinding>
</Bindings>