<?xml version="1.0" encoding="utf-8"?>
<OPCUAObject xmlns:xsi="http://www.w3.org/2001/XMLSchema-instance" xmlns:xsd="http://www.w3.org/2001/XMLSchema">
  <OPCUAVariable UID="7478C6140336538D" Enabled="false">
    <OPCUAAttribute Name="AccessLevel" Value="1" Locked="true" AttributeMask="Read Only;True" />
    <Extensions>
      <Extension>
        <RTAddress>V1;${VariableFullPath}</RTAddress>
      </Extension>
    </Extensions>
  </OPCUAVariable>
  <OPCUAVariable UID="F464FFA55D059E0B" Enabled="false">
    <OPCUAAttribute Name="AccessLevel" Value="1" Locked="true" AttributeMask="Read Only;True" />
    <Extensions>
      <Extension>
        <RTAddress>V1;${VariableFullPath}</RTAddress>
      </Extension>
    </Extensions>
  </OPCUAVariable>
  <OPCUAVariable UID="CFC103848B112185" Enabled="false">
    <OPCUAAttribute Name="AccessLevel" Value="1" Locked="true" AttributeMask="Read Only;True" />
    <Extensions>
      <Extension>
        <RTAddress>V1;${VariableFullPath}</RTAddress>
      </Extension>
    </Extensions>
  </OPCUAVariable>
  <OPCUAVariable UID="F4487C28CFF30ED2" Enabled="false">
    <OPCUAAttribute Name="AccessLevel" Value="1" Locked="true" AttributeMask="Read Only;True" />
    <Extensions>
      <Extension>
        <RTAddress>V1;${VariableFullPath}</RTAddress>
      </Extension>
    </Extensions>
  </OPCUAVariable>
</OPCUAObject>