﻿<?xml version="1.0" encoding="utf-8"?>
<baseline xmlns:xsd="http://www.nxtControl.com/Snapshot" xmlns="http://tempuri.org/XMLSchema1.xsd">
  <snapshot guid="{6883DAD4-C66F-4FA9-B871-4DCF29C97207}" compiler="Default" created="2022-10-28T19:28:43" base="{00000000-0000-0000-0000-000000000000}">
    <DeployInformation Type="Working">
      <FileGroup Name="FileList" xmlns="http://tempuri.org/DeploySnapshot.xsd">
        <FileItem Name="Main#CAT1_HMI.bin" Library="IEC61499.exe" BuildSnapshot="{3D0738E0-8D9B-476F-AA3D-F4B1983A9010}" BaseSnapshot="{00000000-0000-0000-0000-000000000000}">
          <Modified>2022-10-28T14:54:09</Modified>
          <Hash>92A71B5672F31602</Hash>
        </FileItem>
        <FileItem Name="Main#CAT1.bin" Library="IEC61499.exe" BuildSnapshot="{3D0738E0-8D9B-476F-AA3D-F4B1983A9010}" BaseSnapshot="{00000000-0000-0000-0000-000000000000}">
          <Modified>2022-10-28T14:54:09</Modified>
          <Hash>1519FCBD895881F4F</Hash>
        </FileItem>
        <FileItem Name="Main#FLASHER4.bin" Library="IEC61499.exe" BuildSnapshot="{3D0738E0-8D9B-476F-AA3D-F4B1983A9010}" BaseSnapshot="{00000000-0000-0000-0000-000000000000}">
          <Modified>2022-10-28T14:54:09</Modified>
          <Hash>17422345993EC3E1D</Hash>
        </FileItem>
        <FileItem Name="Main#INCHOICE_HMI.bin" Library="IEC61499.exe" BuildSnapshot="{3D0738E0-8D9B-476F-AA3D-F4B1983A9010}" BaseSnapshot="{00000000-0000-0000-0000-000000000000}">
          <Modified>2022-10-28T14:54:09</Modified>
          <Hash>72A9F49C97952255</Hash>
        </FileItem>
        <FileItem Name="Main#INCHOICE.bin" Library="IEC61499.exe" BuildSnapshot="{3D0738E0-8D9B-476F-AA3D-F4B1983A9010}" BaseSnapshot="{00000000-0000-0000-0000-000000000000}">
          <Modified>2022-10-28T14:54:09</Modified>
          <Hash>1838C2B5F099888DC</Hash>
        </FileItem>
        <FileItem Name="Main#number2time.bin" Library="IEC61499.exe" BuildSnapshot="{3D0738E0-8D9B-476F-AA3D-F4B1983A9010}" BaseSnapshot="{00000000-0000-0000-0000-000000000000}">
          <Modified>2022-10-28T14:54:09</Modified>
          <Hash>125D125C8D2ECB418</Hash>
        </FileItem>
        <FileItem Name="Main#INTIME_HMI.bin" Library="IEC61499.exe" BuildSnapshot="{3D0738E0-8D9B-476F-AA3D-F4B1983A9010}" BaseSnapshot="{00000000-0000-0000-0000-000000000000}">
          <Modified>2022-10-28T14:54:09</Modified>
          <Hash>139867F62572F0F1</Hash>
        </FileItem>
        <FileItem Name="Main#INTIME.bin" Library="IEC61499.exe" BuildSnapshot="{3D0738E0-8D9B-476F-AA3D-F4B1983A9010}" BaseSnapshot="{00000000-0000-0000-0000-000000000000}">
          <Modified>2022-10-28T14:54:09</Modified>
          <Hash>24296B48196D13D34</Hash>
        </FileItem>
        <FileItem Name="Main#LEDHMI_HMI.bin" Library="IEC61499.exe" BuildSnapshot="{3D0738E0-8D9B-476F-AA3D-F4B1983A9010}" BaseSnapshot="{00000000-0000-0000-0000-000000000000}">
          <Modified>2022-10-28T14:54:09</Modified>
          <Hash>43CE85172F05DC11</Hash>
        </FileItem>
        <FileItem Name="Main#LEDHMI.bin" Library="IEC61499.exe" BuildSnapshot="{3D0738E0-8D9B-476F-AA3D-F4B1983A9010}" BaseSnapshot="{00000000-0000-0000-0000-000000000000}">
          <Modified>2022-10-28T14:54:09</Modified>
          <Hash>26E0D4C3E483737D</Hash>
        </FileItem>
        <FileItem Name="Main#RadioBool_HMI.bin" Library="IEC61499.exe" BuildSnapshot="{4291DB4A-A697-4BDE-BA1E-CED7FFCD83C4}" BaseSnapshot="{00000000-0000-0000-0000-000000000000}">
          <Modified>2022-10-28T19:20:51</Modified>
          <Hash>172423727FDABE0AD</Hash>
        </FileItem>
        <FileItem Name="Main#RadioBool.bin" Library="IEC61499.exe" BuildSnapshot="{4291DB4A-A697-4BDE-BA1E-CED7FFCD83C4}" BaseSnapshot="{00000000-0000-0000-0000-000000000000}">
          <Modified>2022-10-28T19:20:51</Modified>
          <Hash>12118D0E89D24D9F7</Hash>
        </FileItem>
        <FileItem Name="Main#CROSSCOMM_PEER_119A6D19C7508D132.bin" Library="IEC61499.exe" BuildSnapshot="{BA0CF29A-7C68-407B-AA78-F0266C25CA8D}" BaseSnapshot="{00000000-0000-0000-0000-000000000000}">
          <Modified>2022-10-28T19:28:15</Modified>
          <Hash>119A6D19C7508D132</Hash>
        </FileItem>
        <FileItem Name="Main#CROSSCOMM_PEER_12120F4A7FB80576D.bin" Library="IEC61499.exe" BuildSnapshot="{BA0CF29A-7C68-407B-AA78-F0266C25CA8D}" BaseSnapshot="{00000000-0000-0000-0000-000000000000}">
          <Modified>2022-10-28T19:28:15</Modified>
          <Hash>12120F4A7FB80576D</Hash>
        </FileItem>
        <FileItem Name="Main#CROSSCOMM_PEER_21556CC2EE1A9FDDB.bin" Library="IEC61499.exe" BuildSnapshot="{BA0CF29A-7C68-407B-AA78-F0266C25CA8D}" BaseSnapshot="{00000000-0000-0000-0000-000000000000}">
          <Modified>2022-10-28T19:28:15</Modified>
          <Hash>21556CC2EE1A9FDDB</Hash>
        </FileItem>
        <FileItem Name="Main#CROSSCOMM_PEER_86868271B499C6F0.bin" Library="IEC61499.exe" BuildSnapshot="{BA0CF29A-7C68-407B-AA78-F0266C25CA8D}" BaseSnapshot="{00000000-0000-0000-0000-000000000000}">
          <Modified>2022-10-28T19:28:15</Modified>
          <Hash>86868271B499C6F0</Hash>
        </FileItem>
        <FileItem Name="Main#CROSSCOMM_SENDER_153F5A08CC8D75AF0.bin" Library="IEC61499.exe" BuildSnapshot="{BA0CF29A-7C68-407B-AA78-F0266C25CA8D}" BaseSnapshot="{00000000-0000-0000-0000-000000000000}">
          <Modified>2022-10-28T19:28:15</Modified>
          <Hash>153F5A08CC8D75AF0</Hash>
        </FileItem>
        <FileItem Name="Main#CROSSCOMM_SENDER_173D71B9DC3A56340.bin" Library="IEC61499.exe" BuildSnapshot="{BA0CF29A-7C68-407B-AA78-F0266C25CA8D}" BaseSnapshot="{00000000-0000-0000-0000-000000000000}">
          <Modified>2022-10-28T19:28:15</Modified>
          <Hash>173D71B9DC3A56340</Hash>
        </FileItem>
        <FileItem Name="Main#CROSSCOMM_SENDER_219D659FF105F3411.bin" Library="IEC61499.exe" BuildSnapshot="{BA0CF29A-7C68-407B-AA78-F0266C25CA8D}" BaseSnapshot="{00000000-0000-0000-0000-000000000000}">
          <Modified>2022-10-28T19:28:15</Modified>
          <Hash>219D659FF105F3411</Hash>
        </FileItem>
        <FileItem Name="Main#CROSSCOMM_SENDER_49CFBE3BDC6326A7.bin" Library="IEC61499.exe" BuildSnapshot="{BA0CF29A-7C68-407B-AA78-F0266C25CA8D}" BaseSnapshot="{00000000-0000-0000-0000-000000000000}">
          <Modified>2022-10-28T19:28:15</Modified>
          <Hash>49CFBE3BDC6326A7</Hash>
        </FileItem>
        <LibraryItem Name="Runtime.Base" Version="21.2.0.17" />
        <LibraryItem Name="SE.DPAC" Version="21.2.0.35" />
        <LibraryItem Name="SE.Standard" Version="21.2.0.4" />
        <LibraryItem Name="Standard.HMIExtensions" Version="21.2.0.1" />
        <DeviceItem ID="f17b6258-1110-405c-b34a-f4c9630f975f" Hash="49717A097E46AE19" />
      </FileGroup>
      <Device Name="DISPLAY" ID="f17b6258-1110-405c-b34a-f4c9630f975f" xmlns="http://tempuri.org/DeploySnapshot.xsd">
        <FileItem Name="Composites/Main#LEDHMI_HMI.bin" />
        <FileItem Name="Composites/Main#LEDHMI.bin" />
        <FileItem Name="Basics/Main#CROSSCOMM_PEER_12120F4A7FB80576D.bin" />
      </Device>
    </DeployInformation>
  </snapshot>
  <snapshot guid="{1D9FCB46-B74B-419C-B2DE-705149D80BEB}" compiler="Default" created="2023-09-04T08:09:02" base="{00000000-0000-0000-0000-000000000000}">
    <DeployInformation Type="Working">
      <FileGroup Name="FileList" xmlns="http://tempuri.org/DeploySnapshot.xsd">
        <FileItem Name="Main#CAT1_HMI.bin" Library="IEC61499.exe" BuildSnapshot="{1D9FCB46-B74B-419C-B2DE-705149D80BEB}" BaseSnapshot="{00000000-0000-0000-0000-000000000000}">
          <Modified>2023-09-04T08:08:34</Modified>
          <Hash>254E72716580E80FA</Hash>
        </FileItem>
        <FileItem Name="Main#CAT1.bin" Library="IEC61499.exe" BuildSnapshot="{1D9FCB46-B74B-419C-B2DE-705149D80BEB}" BaseSnapshot="{00000000-0000-0000-0000-000000000000}">
          <Modified>2023-09-04T08:08:34</Modified>
          <Hash>218DA281D56E5585B</Hash>
        </FileItem>
        <FileItem Name="Main#FLASHER4.bin" Library="IEC61499.exe" BuildSnapshot="{1D9FCB46-B74B-419C-B2DE-705149D80BEB}" BaseSnapshot="{00000000-0000-0000-0000-000000000000}">
          <Modified>2023-09-04T08:08:35</Modified>
          <Hash>196EE1148B8031E36</Hash>
        </FileItem>
        <FileItem Name="Main#INCHOICE_HMI.bin" Library="IEC61499.exe" BuildSnapshot="{1D9FCB46-B74B-419C-B2DE-705149D80BEB}" BaseSnapshot="{00000000-0000-0000-0000-000000000000}">
          <Modified>2023-09-04T08:08:35</Modified>
          <Hash>59FCBAEAC505D4B1</Hash>
        </FileItem>
        <FileItem Name="Main#INCHOICE.bin" Library="IEC61499.exe" BuildSnapshot="{1D9FCB46-B74B-419C-B2DE-705149D80BEB}" BaseSnapshot="{00000000-0000-0000-0000-000000000000}">
          <Modified>2023-09-04T08:08:35</Modified>
          <Hash>161A60780F05E92A6</Hash>
        </FileItem>
        <FileItem Name="Main#number2time.bin" Library="IEC61499.exe" BuildSnapshot="{1D9FCB46-B74B-419C-B2DE-705149D80BEB}" BaseSnapshot="{00000000-0000-0000-0000-000000000000}">
          <Modified>2023-09-04T08:08:35</Modified>
          <Hash>125D125C8D2ECB418</Hash>
        </FileItem>
        <FileItem Name="Main#INTIME_HMI.bin" Library="IEC61499.exe" BuildSnapshot="{1D9FCB46-B74B-419C-B2DE-705149D80BEB}" BaseSnapshot="{00000000-0000-0000-0000-000000000000}">
          <Modified>2023-09-04T08:08:35</Modified>
          <Hash>188380209CA78F634</Hash>
        </FileItem>
        <FileItem Name="Main#INTIME.bin" Library="IEC61499.exe" BuildSnapshot="{1D9FCB46-B74B-419C-B2DE-705149D80BEB}" BaseSnapshot="{00000000-0000-0000-0000-000000000000}">
          <Modified>2023-09-04T08:08:35</Modified>
          <Hash>2309BF931CE18736B</Hash>
        </FileItem>
        <FileItem Name="Main#LEDHMI_HMI.bin" Library="IEC61499.exe" BuildSnapshot="{1D9FCB46-B74B-419C-B2DE-705149D80BEB}" BaseSnapshot="{00000000-0000-0000-0000-000000000000}">
          <Modified>2023-09-04T08:08:35</Modified>
          <Hash>160E1028CE60B819F</Hash>
        </FileItem>
        <FileItem Name="Main#LEDHMI.bin" Library="IEC61499.exe" BuildSnapshot="{1D9FCB46-B74B-419C-B2DE-705149D80BEB}" BaseSnapshot="{00000000-0000-0000-0000-000000000000}">
          <Modified>2023-09-04T08:08:35</Modified>
          <Hash>328BA69473D9A2D6</Hash>
        </FileItem>
        <FileItem Name="Main#RadioBool_HMI.bin" Library="IEC61499.exe" BuildSnapshot="{1D9FCB46-B74B-419C-B2DE-705149D80BEB}" BaseSnapshot="{00000000-0000-0000-0000-000000000000}">
          <Modified>2023-09-04T08:08:35</Modified>
          <Hash>251B7FD22C11A52D1</Hash>
        </FileItem>
        <FileItem Name="Main#RadioBool.bin" Library="IEC61499.exe" BuildSnapshot="{1D9FCB46-B74B-419C-B2DE-705149D80BEB}" BaseSnapshot="{00000000-0000-0000-0000-000000000000}">
          <Modified>2023-09-04T08:08:35</Modified>
          <Hash>236AAB68A1B9A18AB</Hash>
        </FileItem>
        <LibraryItem Name="Runtime.Base" Version="22.1.0.17" />
        <LibraryItem Name="SE.DPAC" Version="22.1.0.24" />
        <LibraryItem Name="SE.Standard" Version="22.1.0.9" />
        <LibraryItem Name="Standard.HMIExtensions" Version="22.1.0.5" />
        <DeviceItem ID="82B487BD-EEAF-4B30-9416-27F2BDF25ADB" Hash="30C95C371C15D66A" />
      </FileGroup>
      <Device Name="EcoRT_0" ID="82B487BD-EEAF-4B30-9416-27F2BDF25ADB" xmlns="http://tempuri.org/DeploySnapshot.xsd">
        <FileItem Name="Basics/Main#FLASHER4.bin" />
        <FileItem Name="Composites/Main#INCHOICE_HMI.bin" />
        <FileItem Name="Composites/Main#INCHOICE.bin" />
        <FileItem Name="Basics/Main#number2time.bin" />
        <FileItem Name="Composites/Main#INTIME_HMI.bin" />
        <FileItem Name="Composites/Main#INTIME.bin" />
        <FileItem Name="Composites/Main#LEDHMI_HMI.bin" />
        <FileItem Name="Composites/Main#LEDHMI.bin" />
        <FileItem Name="Composites/Main#RadioBool_HMI.bin" />
        <FileItem Name="Composites/Main#RadioBool.bin" />
      </Device>
    </DeployInformation>
  </snapshot>
  <deployment>
    <network_profile name="(Local Test)">
      <device id="82B487BD-EEAF-4B30-9416-27F2BDF25ADB">
        <sref snapshot="{1D9FCB46-B74B-419C-B2DE-705149D80BEB}" state="INVALID" />
      </device>
    </network_profile>
    <network_profile name="(Default)">
      <device id="82B487BD-EEAF-4B30-9416-27F2BDF25ADB" />
    </network_profile>
  </deployment>
</baseline>