<?xml version="1.0" encoding="utf-8"?>
<OPCUAObject xmlns:xsi="http://www.w3.org/2001/XMLSchema-instance" xmlns:xsd="http://www.w3.org/2001/XMLSchema">
  <OPCUAVariable UID="A5FCE9207942BC36" Enabled="false">
    <OPCUAAttribute Name="AccessLevel" Value="1" Locked="true" AttributeMask="Read Only;True" />
    <Extensions>
      <Extension>
        <RTAddress>V1;${VariableFullPath}</RTAddress>
      </Extension>
    </Extensions>
  </OPCUAVariable>
  <OPCUAVariable UID="FC7C95BA493C0F84" Enabled="false">
    <OPCUAAttribute Name="AccessLevel" Value="1" Locked="true" AttributeMask="Read Only;True" />
    <Extensions>
      <Extension>
        <RTAddress>V1;${VariableFullPath}</RTAddress>
      </Extension>
    </Extensions>
  </OPCUAVariable>
  <OPCUAVariable UID="4180872D95951201" Enabled="false">
    <Extensions>
      <Extension>
        <RTAddress>V1;${VariableFullPath};Trigger=CNF</RTAddress>
      </Extension>
    </Extensions>
  </OPCUAVariable>
</OPCUAObject>